"Id";"Designator";"Package";"Quantity";"Designation";"Supplier and ref";
1;"P5,P4";"Pin_Header_Straight_2x05_Pitch2.54mm";2;"CONN_02X05";;;
2;",,,";"RPi_Hat_Mounting_Hole";4;"";;;
3;"RR2";"R_0603";1;"330";;;
4;"U1";"LQFP-144_20x20mm_Pitch0.5mm";1;"XC6SLX9-2TQG144C";;;
5;"U5";"GSG-QFN48-7";1;"MAX5864";;;
6;"C39,C18,C22,C24,C25,C27,C28,C30,C31,C33,C34,C35,C37,C40,C41,C53,C54,C55,C57";"C_0402";19;"0.47uF";;;
7;"C26,C11,C12,C13,C14,C15,C16,C17,C19,C20,C21,C23,C29,C32,C36,C38,C43,C50,C51,C52,C56";"C_0805";21;"4.7uF";;;
8;"RN1";"R_Array_Convex_5x1206";1;"Resistors_array_8";;;
9;"P1";"Pin_Header_Straight_2x20_Pitch2.54mm";1;"CONN_02X20";;;
10;"PS1";"JACK_ALIM";1;"BARREL_JACK";;;
11;"PW_LCD1";"JST_PH_B6B-PH-K_06x2.00mm_Straight";1;"B6B-PH-K-S(LF)(SN)";;;
12;"FT1";"LQFP-48_7x7mm_Pitch0.5mm";1;"FT2232D-REEL";;;
13;"JMS1,JMS2";"USB_Mini-B";2;"USB-MINI";;;
14;"U3";"SOT-223";1;"ZLDO1117G33TA";;;
15;"U4";"SOT-223";1;"ZLDO1117G12TA";;;
16;"C1";"C_1210";1;"10uF";;;
17;"C2,CF3";"C_0603";2;"100nF";;;
18;"L1";"Inductor_Taiyo-Yuden_NR-50xx";1;"VLS5045EX-2R2N";;;
19;"RF1";"R_0603";1;"470R";;;
20;"RF2,RF3,RF9,RF10";"R_0603";4;"27R";;;
21;"RF4";"R_0603";1;"15K";;;
22;"RF5";"R_0603";1;"1K5";;;
23;"RF6,RF8,RM1";"R_0603";3;"10k";;;
24;"RF7";"R_0603";1;"10K";;;
25;"U2";"QFN16";1;"TPS62133RGTR";;;
26;"CA1,CA2,CA3";"C_0402";3;"330nF";;;
27;"CF1,C45";"C_0603";2;"10nF";;;
28;"CF2,C46";"C_0603";2;"10uF";;;
29;"CF4";"C_0603";1;"33nF";;;
30;"CF5,CF6";"C_0603";2;"15pF";;;
31;"LED3,LED2,LED1";"LED_0603";3;"LED";;;
32;"RR1,RR3";"R_0603";2;"4.7k";;;
33;"RS1,RS2,RS3,RS4";"R_0603";4;"68";;;
34;"RS6,RS7";"R_0603";2;"1k";;;
35;"TH2,TH3,TH4,TH5,TH6,TH7,TH8,TH9,TH10,TH11,TH12,TH13,TH14,TH15,TH16,TH17,TH18,TH19,TH20,TH22,TH23,TH24,TH25,TH26,TH28,TH29,TH30,TH31,TH32,TH34,TH35,TH36,TH37,TH38,TH40,TH41,TH42,TH43,TH44,TH45,TH46,TH47,TH48,TH49,TH21,TH27,TH33,TH39,TH50,TH51,TH52,TH53,TH54,TH55,TH56,TH57,TH58,TH59,TH60,TH61,TH62,TH63,TH64,TH65,TH66,TH67,TH68,TH69,TH70,TH71,TH72,TH73,TH74,TH75,TH76,TH77,TH78,TH79,TH80,TH81,TH82,TH83,TH84,TH85,TH86,TH87,TH88,TH89,TH90,TH1,TH91,TH92,TH93,TH94,TH95,TH96,TH97,TH98,TH99,TH100,TH101,TH102,TH103,TH104,TH105,TH106,TH107,TH108,TH109,TH110";"1Pin_12mil_VIA";110;"CONN_1";;;
36;"XF1";"CSTCR6M00G53Z";1;"CSTCR6M00G53Z-R0";;;
37;"XS1";"OSCILLATOR_7x5mm";1;"ASV-32.000MHZ-E-T";;;
38;"C7,C5,C8,C10";"C_1206";4;"33uF";;;
39;"HDMI1";"HDMI_FCI_10029449-11[13]RLF";1;"HDMI_A";;;
40;"R1";"R_0402";1;"0R";;;
41;"C3";"C_0805";1;"22uF";;;
42;"F1";"R_0805";1;"PTS08056V050";;;
43;"LF1,L2";"R_0805_HandSoldering";2;"HZ0805D152R-10";;;
44;"C4";"C_0603";1;"3.3nF";;;
45;"C6,C9";"C_0603";2;"100n";;;
46;"P2";"Pin_Header_Straight_2x03_Pitch2.54mm";1;"CONN_02X03";;;
47;"LVDS1";"LVDS_SMD";1;"CONN_02X09";;;
48;"U6";"SOIC-8-N";1;"S25FL064LABMFI013";;;
49;"C42";"C_0603";1;"0.1uF";;;
50;"RST1";"SW_SPST_KMR2";1;"B3SL-1002P";;;
51;"C44,C47,C48,C49";"C_0402";4;"1uF";;;
52;"CF7,CF8";"C_0603";2;"47pF";;;
53;"XF2";"CSTCE8M00G55-RO";1;"CSTCR8M0G53Z-R0";;;
54;"R2,R3,R4,R5,R6,R7,R8,R9,R10,R11,R12,R13";"R_0603";12;"0";;;
55;"U7";"LQFP-44_10x10mm_Pitch0.8mm";1;"ATMEGA32U4-A";;;
56;"P3";"Pin_Header_Straight_1x03_Pitch2.54mm";1;"CONN_01X03";;;
57;"XS2";"Conn_uSDcard";1;"uSD CARD";;;
58;"R14,R15";"R_0603";2;"2k2";;;
